Analyte,Lab,Spike ,Result,Dilution Factor,Units
11Cl-PF3OUdS,ABC-Labs,0,0.028,1,ng/L
11Cl-PF3OUdS,ABC-Labs,0,0.084,1,ng/L
11Cl-PF3OUdS,ABC-Labs,0,0.024,1,ng/L
11Cl-PF3OUdS,ABC-Labs,0,0.008,1,ng/L
11Cl-PF3OUdS,ABC-Labs,0.2,0.348,1,ng/L
11Cl-PF3OUdS,ABC-Labs,0.2,0.336,1,ng/L
11Cl-PF3OUdS,ABC-Labs,0.2,0.252,1,ng/L
11Cl-PF3OUdS,ABC-Labs,0.2,0.316,1,ng/L
11Cl-PF3OUdS,ABC-Labs,0.4,0.432,1,ng/L
11Cl-PF3OUdS,ABC-Labs,0.4,0.376,1,ng/L
11Cl-PF3OUdS,ABC-Labs,0.4,0.472,1,ng/L
11Cl-PF3OUdS,ABC-Labs,0.4,0.448,1,ng/L
11Cl-PF3OUdS,ABC-Labs,1,0.74,1,ng/L
11Cl-PF3OUdS,ABC-Labs,1,0.868,1,ng/L
11Cl-PF3OUdS,ABC-Labs,1,0.788,1,ng/L
11Cl-PF3OUdS,ABC-Labs,1,0.92,1,ng/L
11Cl-PF3OUdS,ABC-Labs,2,1.68,1,ng/L
11Cl-PF3OUdS,ABC-Labs,2,1.708,1,ng/L
11Cl-PF3OUdS,ABC-Labs,2,1.436,1,ng/L
11Cl-PF3OUdS,ABC-Labs,2,1.636,1,ng/L
11Cl-PF3OUdS,ABC-Labs,4,3.908,1,ng/L
11Cl-PF3OUdS,ABC-Labs,4,3.092,1,ng/L
11Cl-PF3OUdS,ABC-Labs,4,3.332,1,ng/L
11Cl-PF3OUdS,ABC-Labs,4,3.044,1,ng/L
11Cl-PF3OUdS,ABC-Labs,10,9.264,1,ng/L
11Cl-PF3OUdS,ABC-Labs,10,8.16,1,ng/L
11Cl-PF3OUdS,ABC-Labs,10,7.28,1,ng/L
11Cl-PF3OUdS,ABC-Labs,10,9.948,1,ng/L
11Cl-PF3OUdS,ABC-Labs,20,14.64,1,ng/L
11Cl-PF3OUdS,ABC-Labs,20,12.928,1,ng/L
11Cl-PF3OUdS,ABC-Labs,20,15.74,1,ng/L
11Cl-PF3OUdS,ABC-Labs,20,16.72,1,ng/L
11Cl-PF3OUdS,JKL-Labs,0,0,1,ng/L
11Cl-PF3OUdS,JKL-Labs,10,10.408,1,ng/L
11Cl-PF3OUdS,JKL-Labs,10,10.596,1,ng/L
11Cl-PF3OUdS,JKL-Labs,10,11.292,1,ng/L
11Cl-PF3OUdS,JKL-Labs,10,11.568,1,ng/L
11Cl-PF3OUdS,JKL-Labs,10,10.224,1,ng/L
11Cl-PF3OUdS,JKL-Labs,10,10.316,1,ng/L
11Cl-PF3OUdS,JKL-Labs,10,10.076,1,ng/L
11Cl-PF3OUdS,JKL-Labs,20,25.364,1,ng/L
11Cl-PF3OUdS,JKL-Labs,20,23.136,1,ng/L
11Cl-PF3OUdS,JKL-Labs,20,21.84,1,ng/L
11Cl-PF3OUdS,JKL-Labs,20,21.328,1,ng/L
11Cl-PF3OUdS,JKL-Labs,20,20.52,1,ng/L
11Cl-PF3OUdS,JKL-Labs,20,21.212,1,ng/L
11Cl-PF3OUdS,JKL-Labs,20,19.076,1,ng/L
11Cl-PF3OUdS,JKL-Labs,0,0,1,ng/L
11Cl-PF3OUdS,JKL-Labs,0,0,1,ng/L
11Cl-PF3OUdS,JKL-Labs,4,3.868,1,ng/L
11Cl-PF3OUdS,JKL-Labs,4,4.124,1,ng/L
11Cl-PF3OUdS,JKL-Labs,4,4.056,1,ng/L
11Cl-PF3OUdS,JKL-Labs,4,4.084,1,ng/L
11Cl-PF3OUdS,JKL-Labs,4,4.164,1,ng/L
11Cl-PF3OUdS,JKL-Labs,4,4.664,1,ng/L
11Cl-PF3OUdS,JKL-Labs,4,3.436,1,ng/L
11Cl-PF3OUdS,JKL-Labs,0,0.296,1,ng/L
11Cl-PF3OUdS,JKL-Labs,6,5.656,1,ng/L
11Cl-PF3OUdS,JKL-Labs,6,6.108,1,ng/L
11Cl-PF3OUdS,JKL-Labs,6,6.456,1,ng/L
11Cl-PF3OUdS,JKL-Labs,6,5.628,1,ng/L
11Cl-PF3OUdS,JKL-Labs,14,14.552,1,ng/L
11Cl-PF3OUdS,JKL-Labs,14,14.532,1,ng/L
11Cl-PF3OUdS,JKL-Labs,14,13.384,1,ng/L
11Cl-PF3OUdS,JKL-Labs,14,15.196,1,ng/L
11Cl-PF3OUdS,JKL-Labs,0,0,1,ng/L
11Cl-PF3OUdS,JKL-Labs,1,1.332,1,ng/L
11Cl-PF3OUdS,JKL-Labs,1,1.196,1,ng/L
11Cl-PF3OUdS,JKL-Labs,1,0.732,1,ng/L
11Cl-PF3OUdS,JKL-Labs,1,1.156,1,ng/L
11Cl-PF3OUdS,JKL-Labs,2,1.528,1,ng/L
11Cl-PF3OUdS,JKL-Labs,2,2.46,1,ng/L
11Cl-PF3OUdS,JKL-Labs,2,1.82,1,ng/L
11Cl-PF3OUdS,JKL-Labs,2,2.132,1,ng/L
11Cl-PF3OUdS,JKL-Labs,0,0,1,ng/L
11Cl-PF3OUdS,JKL-Labs,0,0,1,ng/L
11Cl-PF3OUdS,JKL-Labs,0,0,1,ng/L
11Cl-PF3OUdS,JKL-Labs,0,0,1,ng/L
11Cl-PF3OUdS,JKL-Labs,0,0.3,1,ng/L
11Cl-PF3OUdS,XYZ-Labs,0,0.001621,1,ng/L
11Cl-PF3OUdS,XYZ-Labs,0,0.000403,1,ng/L
11Cl-PF3OUdS,XYZ-Labs,0,0.001933,1,ng/L
11Cl-PF3OUdS,XYZ-Labs,0,0,1,ng/L
11Cl-PF3OUdS,XYZ-Labs,0,0.000959,1,ng/L
11Cl-PF3OUdS,XYZ-Labs,0.4,0.324223,1,ng/L
11Cl-PF3OUdS,XYZ-Labs,0.4,0.315672,1,ng/L
11Cl-PF3OUdS,XYZ-Labs,0.4,0.328922,1,ng/L
11Cl-PF3OUdS,XYZ-Labs,0.4,0.333013,1,ng/L
11Cl-PF3OUdS,XYZ-Labs,2,1.84718,1,ng/L
11Cl-PF3OUdS,XYZ-Labs,2,1.73563,1,ng/L
11Cl-PF3OUdS,XYZ-Labs,2,1.80577,1,ng/L
11Cl-PF3OUdS,XYZ-Labs,2,2.04367,1,ng/L
11Cl-PF3OUdS,XYZ-Labs,6,6.12211,1,ng/L
11Cl-PF3OUdS,XYZ-Labs,6,5.38972,1,ng/L
11Cl-PF3OUdS,XYZ-Labs,6,5.26896,1,ng/L
11Cl-PF3OUdS,XYZ-Labs,6,4.94639,1,ng/L
11Cl-PF3OUdS,XYZ-Labs,10,8.707,1,ng/L
11Cl-PF3OUdS,XYZ-Labs,10,7.82462,1,ng/L
11Cl-PF3OUdS,XYZ-Labs,10,9.04211,1,ng/L
11Cl-PF3OUdS,XYZ-Labs,10,8.26424,1,ng/L
11Cl-PF3OUdS,XYZ-Labs,14,15.8936,1,ng/L
11Cl-PF3OUdS,XYZ-Labs,14,11.5165,1,ng/L
11Cl-PF3OUdS,XYZ-Labs,14,13.3664,1,ng/L
11Cl-PF3OUdS,XYZ-Labs,14,10.0314,1,ng/L
11Cl-PF3OUdS,XYZ-Labs,20,17.4874,1,ng/L
11Cl-PF3OUdS,XYZ-Labs,20,18.0427,1,ng/L
11Cl-PF3OUdS,XYZ-Labs,20,16.279,1,ng/L
11Cl-PF3OUdS,XYZ-Labs,20,18.2515,1,ng/L
11Cl-PF3OUdS,XYZ-Labs,40,36.022,1,ng/L
11Cl-PF3OUdS,XYZ-Labs,40,36.9382,1,ng/L
11Cl-PF3OUdS,XYZ-Labs,40,42.527,1,ng/L
11Cl-PF3OUdS,XYZ-Labs,40,37.9613,1,ng/L
11Cl-PF3OUdS,XYZ-Labs,40,45.9535,1,ng/L